

INSERT INTO utente (email, psw, vip) VALUES ('alberto.rossi@gmail.com', 'password', false);
INSERT INTO utente (email, psw, vip) VALUES ('alberto.verdi@gmail.com', 'password', false);
INSERT INTO utente (email, psw, vip) VALUES ('giacomo.astori@gmail.com', 'password', false);
INSERT INTO utente (email, psw, vip) VALUES ('matteo.baroni@gmail.com', 'password', false);
INSERT INTO utente (email, psw, vip) VALUES ('niccolo.bassani@gmail.com', 'password', false);
INSERT INTO utente (email, psw, vip) VALUES ('marco.bruno@gmail.com', 'password', false);
INSERT INTO utente (email, psw, vip) VALUES ('damiano.verdi@gmail.com', 'password', false);
INSERT INTO utente (email, psw, vip) VALUES ('marco.fabrizio@gmail.com', 'password', false);
INSERT INTO utente (email, psw, vip) VALUES ('marta.ferrari@gmail.com', 'password', false);
INSERT INTO utente (email, psw, vip) VALUES ('mirko.leoni@gmail.com', 'password', false);
INSERT INTO utente (email, psw, vip) VALUES ('sergio.mascie@gmail.com', 'password', false);
INSERT INTO utente (email, psw, vip) VALUES ('alessandro.vale@gmail.com', 'password', false);
INSERT INTO utente (email, psw, vip) VALUES ('martina.verqui@gmail.com', 'password', false);
INSERT INTO utente (email, psw, vip) VALUES ('tonio.chiedici@gmail.com', 'password', false);
INSERT INTO utente (email, psw, vip) VALUES ('maria.cosisia@gmail.com', 'password', false);
INSERT INTO utente (email, psw, vip) VALUES ('natalia.porta@gmail.com', 'password', false);
INSERT INTO utente (email, psw, vip) VALUES ('giada.testi@gmail.com', 'password', false);
INSERT INTO utente (email, psw, vip) VALUES ('luca.principe@gmail.com', 'password', false);
INSERT INTO utente (email, psw, vip) VALUES ('gatto.pixel@gmail.com', 'password', false);
INSERT INTO utente (email, psw, vip) VALUES ('stefano.ilvalto@gmail.com', 'password', false);
INSERT INTO utente (email, psw, vip) VALUES ('fede.gnuccio@gmail.com', 'password', false);
INSERT INTO utente (email, psw, vip) VALUES ('cinzia.burpo@gmail.com', 'password', false);
INSERT INTO utente (email, psw, vip) VALUES ('adalberto.muffa@gmail.com', 'password', false);
INSERT INTO utente (email, psw, vip) VALUES ('alberto.bianchi@gmail.com', 'password', false);
INSERT INTO utente (email, psw, vip) VALUES ('alberto.cami@gmail.com', 'password', false);
INSERT INTO utente (email, psw, vip) VALUES ('alessia.guidi@gmail.com', 'password', false);
INSERT INTO utente (email, psw, vip) VALUES ('chad.smizio@gmail.com', 'password', false);
INSERT INTO utente (email, psw, vip) VALUES ('carla.terone@gmail.com', 'password', false);
INSERT INTO utente (email, psw, vip) VALUES ('claudia.struzzi@gmail.com', 'password', false);
INSERT INTO utente (email, psw, vip) VALUES ('danny.leccio@gmail.com', 'password', false);
INSERT INTO utente (email, psw, vip) VALUES ('francesca.mad@gmail.com', 'password', false);
INSERT INTO utente (email, psw, vip) VALUES ('giulia.castori@gmail.com', 'password', false);
INSERT INTO utente (email, psw, vip) VALUES ('marco.allevi@gmail.com', 'password', false);
INSERT INTO utente (email, psw, vip) VALUES ('francesca.rossi@gmail.com', 'password', false);
INSERT INTO utente (email, psw, vip) VALUES ('michele.balzari@gmail.com', 'password', false);

INSERT INTO amicizia (richiedente, invitato, stato) VALUES ('adalberto.muffa@gmail.com', 'alberto.bianchi@gmail.com', 's');
INSERT INTO amicizia (richiedente, invitato, stato) VALUES ('adalberto.muffa@gmail.com', 'alberto.cami@gmail.com', 's');
INSERT INTO amicizia (richiedente, invitato, stato) VALUES ('adalberto.muffa@gmail.com', 'alessia.guidi@gmail.com', 's');
INSERT INTO amicizia (richiedente, invitato, stato) VALUES ('adalberto.muffa@gmail.com', 'chad.smizio@gmail.com', 's');
INSERT INTO amicizia (richiedente, invitato, stato) VALUES ('adalberto.muffa@gmail.com', 'carla.terone@gmail.com', 's');
INSERT INTO amicizia (richiedente, invitato, stato) VALUES ('adalberto.muffa@gmail.com', 'claudia.struzzi@gmail.com', 's');
INSERT INTO amicizia (richiedente, invitato, stato) VALUES ('adalberto.muffa@gmail.com', 'danny.leccio@gmail.com', 's');
INSERT INTO amicizia (richiedente, invitato, stato) VALUES ('adalberto.muffa@gmail.com', 'francesca.mad@gmail.com', 's');
INSERT INTO amicizia (richiedente, invitato, stato) VALUES ('adalberto.muffa@gmail.com', 'giulia.castori@gmail.com', 's');
INSERT INTO amicizia (richiedente, invitato, stato) VALUES ('adalberto.muffa@gmail.com', 'marco.allevi@gmail.com', 's');


INSERT INTO citta (nome, provincia) VALUES ('roma', 'rm');
INSERT INTO citta (nome, provincia) VALUES ('milano', 'mi');
INSERT INTO citta (nome, provincia) VALUES ('napoli', 'na');
INSERT INTO citta (nome, provincia) VALUES ('torino', 'to');
INSERT INTO citta (nome, provincia) VALUES ('bari', 'ba');
INSERT INTO citta (nome, provincia) VALUES ('palermo', 'pa');
INSERT INTO citta (nome, provincia) VALUES ('brescia', 'bs');
INSERT INTO citta (nome, provincia) VALUES ('salerno', 'sa');
INSERT INTO citta (nome, provincia) VALUES ('catania', 'ct');
INSERT INTO citta (nome, provincia) VALUES ('bergamo', 'bg');
INSERT INTO citta (nome, provincia) VALUES ('firenze', 'fi');
INSERT INTO citta (nome, provincia) VALUES ('bologna', 'bo');
INSERT INTO citta (nome, provincia) VALUES ('padova', 'pd');
INSERT INTO citta (nome, provincia) VALUES ('verona', 'vr');
INSERT INTO citta (nome, provincia) VALUES ('caserta', 'ce');
INSERT INTO citta (nome, provincia) VALUES ('treviso', 'tv');
INSERT INTO citta (nome, provincia) VALUES ('genova', 'ge');
INSERT INTO citta (nome, provincia) VALUES ('varese', 'va');
INSERT INTO citta (nome, provincia) VALUES ('vicenza', 'vi');
INSERT INTO citta (nome, provincia) VALUES ('venezia', 've');
INSERT INTO citta (nome, provincia) VALUES ('lecce', 'lc');
INSERT INTO citta (nome, provincia) VALUES ('cosenza', 'cs');
INSERT INTO citta (nome, provincia) VALUES ('modena', 'mo');
INSERT INTO citta (nome, provincia) VALUES ('alghero', 'ss');
INSERT INTO citta (nome, provincia) VALUES ('perugia', 'pg');
INSERT INTO citta (nome, provincia) VALUES ('sassari', 'ss');
INSERT INTO citta (nome, provincia) VALUES ('cagliari', 'ca');
INSERT INTO citta (nome, provincia) VALUES ('oristano', 'or');
INSERT INTO citta (nome, provincia) VALUES ('nuoro', 'nu');
INSERT INTO citta (nome, provincia) VALUES ('stintino', 'ss');
INSERT INTO citta (nome, provincia) VALUES ('rho', 'mi');
INSERT INTO citta (nome, provincia) VALUES ('corsico', 'mi');







INSERT INTO profilo (nome, cognome, sesso, citta_residenza, citta_nascita, data_nascita, utente) VALUES ('alberto', 'bianchi', 'm', 4, 5, '1986-09-24', 'alberto.bianchi@gmail.com');
INSERT INTO profilo (nome, cognome, sesso, citta_residenza, citta_nascita, data_nascita, utente) VALUES ('adalberto', 'muffa', 'm', 3, 3, '1975-06-26', 'adalberto.muffa@gmail.com');
INSERT INTO profilo (nome, cognome, sesso, citta_residenza, citta_nascita, data_nascita, utente) VALUES ('alberto', 'cami', 'm', 16, 16, '1985-01-18', 'alberto.cami@gmail.com');
INSERT INTO profilo (nome, cognome, sesso, citta_residenza, citta_nascita, data_nascita, utente) VALUES ('alberto', 'rossi', 'm', 21, 21, '1983-12-23', 'alberto.rossi@gmail.com');
INSERT INTO profilo (nome, cognome, sesso, citta_residenza, citta_nascita, data_nascita, utente) VALUES ('alberto', 'verdi', 'm', 1, 1, '1968-11-04', 'alberto.verdi@gmail.com');
INSERT INTO profilo (nome, cognome, sesso, citta_residenza, citta_nascita, data_nascita, utente) VALUES ('alessandro', 'vale', 'm', 13, 25, '1945-02-01', 'alessandro.vale@gmail.com');
INSERT INTO profilo (nome, cognome, sesso, citta_residenza, citta_nascita, data_nascita, utente) VALUES ('alessia', 'guidi', 'f', 7, 7, '1988-04-30', 'alessia.guidi@gmail.com');
INSERT INTO profilo (nome, cognome, sesso, citta_residenza, citta_nascita, data_nascita, utente) VALUES ('carla', 'terone', 'f', 20, 20, '1981-05-19', 'carla.terone@gmail.com');
INSERT INTO profilo (nome, cognome, sesso, citta_residenza, citta_nascita, data_nascita, utente) VALUES ('chad', 'smizio', 'm', 9, 12, '1962-07-16', 'chad.smizio@gmail.com');
INSERT INTO profilo (nome, cognome, sesso, citta_residenza, citta_nascita, data_nascita, utente) VALUES ('cinzia', 'burpo', 'f', 2, 2, '1985-08-22', 'cinzia.burpo@gmail.com');
INSERT INTO profilo (nome, cognome, sesso, citta_residenza, citta_nascita, data_nascita, utente) VALUES ('claudia', 'struzzi', 'f', 5, 5, '1987-03-11', 'claudia.struzzi@gmail.com');
INSERT INTO profilo (nome, cognome, sesso, citta_residenza, citta_nascita, data_nascita, utente) VALUES ('damiano', 'verdi', 'm', 19, 19, '1955-02-28', 'damiano.verdi@gmail.com');
INSERT INTO profilo (nome, cognome, sesso, citta_residenza, citta_nascita, data_nascita, utente) VALUES ('danny', 'leccio', 'm', 2, 3, '1938-04-21', 'danny.leccio@gmail.com');
INSERT INTO profilo (nome, cognome, sesso, citta_residenza, citta_nascita, data_nascita, utente) VALUES ('fede', 'gnuccio', 'm', 2, 2, '1966-04-23', 'fede.gnuccio@gmail.com');
INSERT INTO profilo (nome, cognome, sesso, citta_residenza, citta_nascita, data_nascita, utente) VALUES ('francesca', 'mad', 'f', 2, 16, '1985-11-29', 'francesca.mad@gmail.com');
INSERT INTO profilo (nome, cognome, sesso, citta_residenza, citta_nascita, data_nascita, utente) VALUES ('francesca', 'rossi', 'f', 4, 24, '1980-10-10', 'francesca.rossi@gmail.com');
INSERT INTO profilo (nome, cognome, sesso, citta_residenza, citta_nascita, data_nascita, utente) VALUES ('gatto', 'pixel', 'm', 2, 3, '1985-01-01', 'gatto.pixel@gmail.com');
INSERT INTO profilo (nome, cognome, sesso, citta_residenza, citta_nascita, data_nascita, utente) VALUES ('giacomo', 'astori', 'm', 9, 9, '1970-09-12', 'giacomo.astori@gmail.com');
INSERT INTO profilo (nome, cognome, sesso, citta_residenza, citta_nascita, data_nascita, utente) VALUES ('giada', 'testi', 'f', 1, 1, '1990-11-11', 'giada.testi@gmail.com');
INSERT INTO profilo (nome, cognome, sesso, citta_residenza, citta_nascita, data_nascita, utente) VALUES ('giulia', 'castori', 'f', 18, 18, '1991-06-30', 'giulia.castori@gmail.com');
INSERT INTO profilo (nome, cognome, sesso, citta_residenza, citta_nascita, data_nascita, utente) VALUES ('luca', 'prince', 'm', 2, 1, '1987-09-11', 'luca.principe@gmail.com');
INSERT INTO profilo (nome, cognome, sesso, citta_residenza, citta_nascita, data_nascita, utente) VALUES ('marco', 'allevi', 'm', 20, 20, '1982-06-06', 'marco.allevi@gmail.com');
INSERT INTO profilo (nome, cognome, sesso, citta_residenza, citta_nascita, data_nascita, utente) VALUES ('marco', 'bruno', 'm', 7, 7, '1990-01-31', 'marco.bruno@gmail.com');
INSERT INTO profilo (nome, cognome, sesso, citta_residenza, citta_nascita, data_nascita, utente) VALUES ('maria', 'cosisia', 'f', 1, 9, '1989-04-04', 'maria.cosisia@gmail.com');
INSERT INTO profilo (nome, cognome, sesso, citta_residenza, citta_nascita, data_nascita, utente) VALUES ('marta', 'ferrari', 'f', 8, 8, '1984-12-25', 'marta.ferrari@gmail.com');
INSERT INTO profilo (nome, cognome, sesso, citta_residenza, citta_nascita, data_nascita, utente) VALUES ('marco', 'fabrizio', 'm', 2, 2, '1980-03-12', 'marco.fabrizio@gmail.com');
INSERT INTO profilo (nome, cognome, sesso, citta_residenza, citta_nascita, data_nascita, utente) VALUES ('martina', 'verqui', 'f', 18, 18, '1988-10-23', 'martina.verqui@gmail.com');
INSERT INTO profilo (nome, cognome, sesso, citta_residenza, citta_nascita, data_nascita, utente) VALUES ('matteo', 'baroni', 'm', 8, 2, '1955-07-27', 'matteo.baroni@gmail.com');
INSERT INTO profilo (nome, cognome, sesso, citta_residenza, citta_nascita, data_nascita, utente) VALUES ('michele', 'balzari', 'm', 1, 1, '1989-09-09', 'michele.balzari@gmail.com');
INSERT INTO profilo (nome, cognome, sesso, citta_residenza, citta_nascita, data_nascita, utente) VALUES ('mirko', 'leoni', 'm', 12, 13, '1990-02-02', 'mirko.leoni@gmail.com');
INSERT INTO profilo (nome, cognome, sesso, citta_residenza, citta_nascita, data_nascita, utente) VALUES ('natalia', 'porta', 'f', 2, 2, '1985-12-16', 'natalia.porta@gmail.com');
INSERT INTO profilo (nome, cognome, sesso, citta_residenza, citta_nascita, data_nascita, utente) VALUES ('niccolo', 'bassani', 'm', 11, 17, '1981-01-31', 'niccolo.bassani@gmail.com');
INSERT INTO profilo (nome, cognome, sesso, citta_residenza, citta_nascita, data_nascita, utente) VALUES ('sergio', 'mascie', 'm', 2, 2, '1980-04-30', 'sergio.mascie@gmail.com');
INSERT INTO profilo (nome, cognome, sesso, citta_residenza, citta_nascita, data_nascita, utente) VALUES ('stefano', 'ilvalto', 'm', 3, 4, '1969-03-18', 'stefano.ilvalto@gmail.com');
INSERT INTO profilo (nome, cognome, sesso, citta_residenza, citta_nascita, data_nascita, utente) VALUES ('tonio', 'chiedici', 'm', 23, 23, '1957-09-21', 'tonio.chiedici@gmail.com');


INSERT INTO scuola (nome, tipo, sede) VALUES ('primo levi', 'superiore', 16);
INSERT INTO scuola (nome, tipo, sede) VALUES ('gianni rossi', 'elementare', 12);
INSERT INTO scuola (nome, tipo, sede) VALUES ('degli studi', 'universit&agrave;', 2);
INSERT INTO scuola (nome, tipo, sede) VALUES ('albert einstein', 'superiore', 1);
INSERT INTO scuola (nome, tipo, sede) VALUES ('degli studi', 'universit&agrave;', 3);
INSERT INTO scuola (nome, tipo, sede) VALUES ('carlo marzo', 'elementare', 18);
INSERT INTO scuola (nome, tipo, sede) VALUES ('gianni rodari', 'superiore', 2);
INSERT INTO scuola (nome, tipo, sede) VALUES ('politecnico', 'universit&agrave;', 1);
INSERT INTO scuola (nome, tipo, sede) VALUES ('john lennon', 'superiore', 10);
INSERT INTO scuola (nome, tipo, sede) VALUES ('normale', 'universit&agrave;', 1);
INSERT INTO scuola (nome, tipo, sede) VALUES ('azuni', 'medie', 1);
INSERT INTO scuola (nome, tipo, sede) VALUES ('sinervis', 'altro', 2);
INSERT INTO scuola (nome, tipo, sede) VALUES ('comunicazione digitale', 'universit&agrave;', 2);






INSERT INTO frequenza (studente, scuola, data_inizio, data_fine) VALUES ('adalberto.muffa@gmail.com', 5, '2003-09-18', '2004-06-30');
INSERT INTO frequenza (studente, scuola, data_inizio, data_fine) VALUES ('adalberto.muffa@gmail.com', 5, '2005-10-10', '2006-06-15');
INSERT INTO frequenza (studente, scuola, data_inizio, data_fine) VALUES ('alessandro.vale@gmail.com', 5, '2004-09-01', NULL);



INSERT INTO hobby (nome) VALUES ('tennis');
INSERT INTO hobby (nome) VALUES ('pallavolo');
INSERT INTO hobby (nome) VALUES ('calcio');
INSERT INTO hobby (nome) VALUES ('ciclismo');
INSERT INTO hobby (nome) VALUES ('sci');
INSERT INTO hobby (nome) VALUES ('nuoto');
INSERT INTO hobby (nome) VALUES ('equitazione');
INSERT INTO hobby (nome) VALUES ('vela');
INSERT INTO hobby (nome) VALUES ('cinema');
INSERT INTO hobby (nome) VALUES ('teatro');
INSERT INTO hobby (nome) VALUES ('film');
INSERT INTO hobby (nome) VALUES ('concerti');
INSERT INTO hobby (nome) VALUES ('mostre');
INSERT INTO hobby (nome) VALUES ('internet');
INSERT INTO hobby (nome) VALUES ('telefonia');
INSERT INTO hobby (nome) VALUES ('tv');
INSERT INTO hobby (nome) VALUES ('computer');
INSERT INTO hobby (nome) VALUES ('lettura');
INSERT INTO hobby (nome) VALUES ('collezionismo');



INSERT INTO interessi (nome_hobby, utente) VALUES ('tennis', 'francesca.mad@gmail.com');
INSERT INTO interessi (nome_hobby, utente) VALUES ('pallavolo', 'francesca.mad@gmail.com');
INSERT INTO interessi (nome_hobby, utente) VALUES ('computer', 'francesca.mad@gmail.com');
INSERT INTO interessi (nome_hobby, utente) VALUES ('film', 'alberto.cami@gmail.com');
INSERT INTO interessi (nome_hobby, utente) VALUES ('internet', 'alberto.cami@gmail.com');
INSERT INTO interessi (nome_hobby, utente) VALUES ('nuoto', 'alberto.cami@gmail.com');
INSERT INTO interessi (nome_hobby, utente) VALUES ('calcio', 'adalberto.muffa@gmail.com');
INSERT INTO interessi (nome_hobby, utente) VALUES ('vela', 'adalberto.muffa@gmail.com');

INSERT INTO evento (nome, organizzatore, tipo, data, via, luogo, data_creazione, ora_creazione) VALUES ('radiohead live', 'adalberto.muffa@gmail.com', 'concerto', '2011-07-07', 'arena', 2, CURRENT_TIMESTAMP, CURRENT_TIMESTAMP);
INSERT INTO evento (nome, organizzatore, tipo, data, via, luogo, data_creazione, ora_creazione) VALUES ('compleanno', 'adalberto.muffa@gmail.com', 'festa', '2011-03-07', 'via roma 32', 2, CURRENT_TIMESTAMP, CURRENT_TIMESTAMP);
INSERT INTO evento (nome, organizzatore, tipo, data, via, luogo, data_creazione, ora_creazione) VALUES ('partita', 'adalberto.muffa@gmail.com', 'sport', '2011-04-07', 'san siro', 2, CURRENT_TIMESTAMP, CURRENT_TIMESTAMP);


INSERT INTO post (idpost, utente, data,  ora, testo, tipo) VALUES ('1','adalberto.muffa@gmail.com', CURRENT_TIMESTAMP, CURRENT_TIMESTAMP, 'sono triste', 'm');
INSERT INTO post (idpost, utente, data,  ora, testo, tipo) VALUES ('2','adalberto.muffa@gmail.com', CURRENT_TIMESTAMP, CURRENT_TIMESTAMP, 'ciao ai miei amici', 'n');
INSERT INTO post (idpost, utente, data,  ora, testo, tipo) VALUES ('1','giacomo.astori@gmail.com', CURRENT_TIMESTAMP, CURRENT_TIMESTAMP, 'vado al mare', 'm');
INSERT INTO post (idpost, utente, data,  ora, testo, tipo) VALUES ('1','danny.leccio@gmail.com', CURRENT_TIMESTAMP, CURRENT_TIMESTAMP, 'che caldo!', 'm');
INSERT INTO post (idpost, utente, data,  ora, testo, tipo) VALUES ('1','francesca.rossi@gmail.com', CURRENT_TIMESTAMP, CURRENT_TIMESTAMP, 'studio', 'm');


INSERT INTO invito (invitato, stato, evento) VALUES ('giacomo.astori@gmail.com', 's', 1);
INSERT INTO invito (invitato, stato, evento) VALUES ('francesca.rossi@gmail.com', 's', 1);
INSERT INTO invito (invitato, stato, evento) VALUES ('giulia.castori@gmail.com', 'a', 1);
INSERT INTO invito (invitato, stato, evento) VALUES ('claudia.struzzi@gmail.com', 'n', 1);


INSERT INTO tag (taggante, IDpost, taggato) VALUES ('adalberto.muffa@gmail.com', 2, 'alberto.bianchi@gmail.com');
INSERT INTO tag (taggante, IDpost, taggato) VALUES ('adalberto.muffa@gmail.com', 2, 'carla.terone@gmail.com');
INSERT INTO tag (taggante, IDpost, taggato) VALUES ('adalberto.muffa@gmail.com', 2, 'danny.leccio@gmail.com');
INSERT INTO tag (taggante, IDpost, taggato) VALUES ('adalberto.muffa@gmail.com', 2, 'marco.allevi@gmail.com');


 

